{"cameraMode":{"drawMode":0,"name":"Shaded","section":"Shading Mode"},"sceneLighting":false,"audioPlay":false,"sceneViewState":{"m_AlwaysRefresh":false,"showFog":true,"showSkybox":false,"showFlares":true,"showImageEffects":true,"showParticleSystems":true,"showVisualEffectGraphs":true,"m_FxEnabled":true},"in2DMode":false,"pivot":{"x":5.957529067993164,"y":0.9911617040634155,"z":-2.9803786277770998},"rotation":{"x":-0.059536080807447436,"y":-0.6969953179359436,"z":0.058263082057237628,"w":-0.7122235298156738},"size":0.9818553328514099,"orthographic":false}