{"cameraMode":{"drawMode":0,"name":"Shaded","section":"Shading Mode"},"sceneLighting":false,"audioPlay":false,"sceneViewState":{"m_AlwaysRefresh":false,"showFog":true,"showSkybox":false,"showFlares":true,"showImageEffects":true,"showParticleSystems":true,"showVisualEffectGraphs":true,"m_FxEnabled":true},"in2DMode":false,"pivot":{"x":4.6779866218566898,"y":1.9084017276763917,"z":1.750589370727539},"rotation":{"x":-0.0034219182562083008,"y":-0.8214074373245239,"z":-0.004928503651171923,"w":0.5703120231628418},"size":2.8945939540863039,"orthographic":false}