{"cameraMode":{"drawMode":0,"name":"Shaded","section":"Shading Mode"},"sceneLighting":true,"audioPlay":false,"sceneViewState":{"m_AlwaysRefresh":false,"showFog":true,"showSkybox":true,"showFlares":true,"showImageEffects":true,"showParticleSystems":true,"showVisualEffectGraphs":true,"m_FxEnabled":true},"in2DMode":false,"pivot":{"x":4.4271674156188969,"y":1.6954822540283204,"z":-2.2439849376678469},"rotation":{"x":-0.11530759185552597,"y":-0.7037365436553955,"z":0.11740846186876297,"w":-0.6911811232566834},"size":4.526289463043213,"orthographic":false}