{"cameraMode":{"drawMode":0,"name":"Shaded","section":"Shading Mode"},"sceneLighting":true,"audioPlay":false,"sceneViewState":{"m_AlwaysRefresh":false,"showFog":true,"showSkybox":true,"showFlares":true,"showImageEffects":true,"showParticleSystems":true,"showVisualEffectGraphs":true,"m_FxEnabled":true},"in2DMode":false,"pivot":{"x":1.0398545265197755,"y":7.05354118347168,"z":-11.874061584472657},"rotation":{"x":-0.36436328291893008,"y":0.11357791721820831,"z":-0.044822581112384799,"w":-0.9232228398323059},"size":12.351078987121582,"orthographic":false}