{"cameraMode":{"drawMode":0,"name":"Shaded","section":"Shading Mode"},"sceneLighting":false,"audioPlay":false,"sceneViewState":{"m_AlwaysRefresh":false,"showFog":true,"showSkybox":false,"showFlares":true,"showImageEffects":true,"showParticleSystems":true,"showVisualEffectGraphs":true,"m_FxEnabled":true},"in2DMode":false,"pivot":{"x":11.65999984741211,"y":0.9140620231628418,"z":3.224106788635254},"rotation":{"x":-0.047159112989902499,"y":0.5958561301231384,"z":-0.03508095443248749,"w":-0.8009660840034485},"size":1.3378232717514039,"orthographic":false}