{"cameraMode":{"drawMode":0,"name":"Shaded","section":"Shading Mode"},"sceneLighting":true,"audioPlay":false,"sceneViewState":{"m_AlwaysRefresh":false,"showFog":true,"showSkybox":true,"showFlares":true,"showImageEffects":true,"showParticleSystems":true,"showVisualEffectGraphs":true,"m_FxEnabled":true},"in2DMode":false,"pivot":{"x":-20.747411727905275,"y":-6.303760528564453,"z":197.03530883789063},"rotation":{"x":0.730049192905426,"y":0.0020501804538071157,"z":-0.002190164290368557,"w":0.683388888835907},"size":149.9686737060547,"orthographic":true}