{"cameraMode":{"drawMode":0,"name":"Shaded","section":"Shading Mode"},"sceneLighting":true,"audioPlay":false,"sceneViewState":{"m_AlwaysRefresh":false,"showFog":true,"showSkybox":true,"showFlares":true,"showImageEffects":true,"showParticleSystems":true,"showVisualEffectGraphs":true,"m_FxEnabled":true},"in2DMode":false,"pivot":{"x":0.6984739303588867,"y":2.223083257675171,"z":10.435072898864746},"rotation":{"x":0.06540154665708542,"y":-0.3500153720378876,"z":0.024504737928509713,"w":0.9341421723365784},"size":9.19769287109375,"orthographic":false}