{"cameraMode":{"drawMode":0,"name":"Shaded","section":"Shading Mode"},"sceneLighting":true,"audioPlay":false,"sceneViewState":{"m_AlwaysRefresh":false,"showFog":true,"showSkybox":true,"showFlares":true,"showImageEffects":true,"showParticleSystems":true,"showVisualEffectGraphs":true,"m_FxEnabled":true},"in2DMode":false,"pivot":{"x":-192.90005493164063,"y":2.999986410140991,"z":98.48334503173828},"rotation":{"x":0.06088816374540329,"y":0.21536941826343537,"z":-0.013457308523356915,"w":0.9745420217514038},"size":37.390316009521487,"orthographic":true}